fecha,Gasolina 95 E5,Diésel
2021-01-01,1.189,1.076
2021-01-02,1.189,1.077
2021-01-03,1.189,1.077
2021-01-04,1.19,1.078
2021-01-05,1.191,1.079
2021-01-06,1.191,1.079
2021-01-07,1.192,1.08
2021-01-08,1.197,1.084
2021-01-09,1.197,1.085
2021-01-10,1.197,1.085
2021-01-11,1.199,1.087
2021-01-12,1.204,1.09
2021-01-13,1.205,1.092
2021-01-14,1.21,1.096
2021-01-15,1.213,1.098
2021-01-16,1.213,1.098
2021-01-17,1.213,1.098
2021-01-18,1.215,1.1
2021-01-19,1.216,1.101
2021-01-20,1.218,1.102
2021-01-21,1.219,1.103
2021-01-22,1.22,1.104
2021-01-23,1.22,1.104
2021-01-24,1.22,1.104
2021-01-25,1.221,1.105
2021-01-26,1.22,1.104
2021-01-27,1.22,1.104
2021-01-28,1.221,1.104
2021-01-29,1.222,1.106
2021-01-30,1.222,1.106
2021-01-31,1.222,1.106
2021-02-01,1.223,1.106
2021-02-02,1.223,1.107
2021-02-03,1.226,1.11
2021-02-04,1.231,1.115
2021-02-05,1.235,1.119
2021-02-06,1.236,1.119
2021-02-07,1.236,1.12
2021-02-08,1.239,1.122
2021-02-09,1.243,1.126
2021-02-10,1.244,1.127
2021-02-11,1.245,1.128
2021-02-12,1.246,1.13
2021-02-13,1.246,1.131
2021-02-14,1.246,1.131
2021-02-15,1.248,1.134
2021-02-16,1.251,1.136
2021-02-17,1.257,1.142
2021-02-18,1.259,1.144
2021-02-19,1.263,1.148
2021-02-20,1.265,1.15
2021-02-21,1.266,1.151
2021-02-22,1.268,1.153
2021-02-23,1.269,1.155
2021-02-24,1.27,1.156
2021-02-25,1.274,1.159
2021-02-26,1.278,1.163
2021-02-27,1.278,1.163
2021-02-28,1.279,1.163
2021-03-01,1.28,1.165
2021-03-02,1.282,1.166
2021-03-03,1.283,1.167
2021-03-04,1.283,1.166
2021-03-05,1.285,1.167
2021-03-06,1.289,1.17
2021-03-07,1.289,1.171
2021-03-08,1.293,1.174
2021-03-09,1.298,1.178
2021-03-10,1.3,1.18
2021-03-11,1.301,1.181
2021-03-12,1.303,1.182
2021-03-13,1.306,1.184
2021-03-14,1.306,1.184
2021-03-15,1.309,1.186
2021-03-16,1.313,1.189
2021-03-17,1.314,1.191
2021-03-18,1.315,1.189
2021-03-19,1.314,1.188
2021-03-20,1.313,1.186
2021-03-21,1.313,1.186
2021-03-22,1.313,1.185
2021-03-23,1.311,1.183
2021-03-24,1.311,1.182
2021-03-25,1.309,1.179
2021-03-26,1.31,1.18
2021-03-27,1.31,1.179
2021-03-28,1.31,1.179
2021-03-29,1.31,1.179
2021-03-30,1.31,1.179
2021-03-31,1.31,1.179
2021-04-01,1.31,1.179
2021-04-02,1.31,1.179
2021-04-03,1.31,1.179
2021-04-04,1.31,1.179
2021-04-05,1.311,1.179
2021-04-06,1.31,1.178
2021-04-07,1.311,1.178
2021-04-08,1.31,1.177
2021-04-09,1.308,1.174
2021-04-10,1.308,1.174
2021-04-11,1.308,1.174
2021-04-12,1.308,1.174
2021-04-13,1.308,1.173
2021-04-14,1.31,1.174
2021-04-15,1.312,1.175
2021-04-16,1.315,1.177
2021-04-17,1.316,1.179
2021-04-18,1.317,1.179
2021-04-19,1.319,1.18
2021-04-20,1.319,1.18
2021-04-21,1.32,1.181
2021-04-22,1.32,1.18
2021-04-23,1.32,1.18
2021-04-24,1.32,1.18
2021-04-25,1.32,1.18
2021-04-26,1.32,1.181
2021-04-27,1.322,1.181
2021-04-28,1.322,1.182
2021-04-29,1.323,1.183
2021-04-30,1.327,1.186
2021-05-01,1.328,1.187
2021-05-02,1.328,1.188
2021-05-03,1.329,1.189
2021-05-04,1.33,1.19
2021-05-05,1.331,1.19
2021-05-06,1.337,1.196
2021-05-07,1.34,1.199
2021-05-08,1.34,1.199
2021-05-09,1.34,1.199
2021-05-10,1.342,1.201
2021-05-11,1.342,1.201
2021-05-12,1.342,1.202
2021-05-13,1.342,1.203
2021-05-14,1.346,1.207
2021-05-15,1.344,1.206
2021-05-16,1.344,1.206
2021-05-17,1.345,1.207
2021-05-18,1.346,1.207
2021-05-19,1.346,1.209
2021-05-20,1.346,1.21
2021-05-21,1.343,1.207
2021-05-22,1.342,1.206
2021-05-23,1.342,1.206
2021-05-24,1.342,1.206
2021-05-25,1.342,1.206
2021-05-26,1.344,1.208
2021-05-27,1.344,1.208
2021-05-28,1.344,1.209
2021-05-29,1.346,1.21
2021-05-30,1.346,1.21
2021-05-31,1.347,1.211
2021-06-01,1.35,1.214
2021-06-02,1.351,1.215
2021-06-03,1.351,1.217
2021-06-04,1.352,1.219
2021-06-05,1.352,1.219
2021-06-06,1.353,1.219
2021-06-07,1.354,1.221
2021-06-08,1.358,1.226
2021-06-09,1.359,1.227
2021-06-10,1.36,1.227
2021-06-11,1.361,1.229
2021-06-12,1.362,1.229
2021-06-13,1.362,1.229
2021-06-14,1.363,1.23
2021-06-15,1.364,1.231
2021-06-16,1.365,1.232
2021-06-17,1.366,1.233
2021-06-18,1.369,1.236
2021-06-19,1.369,1.236
2021-06-20,1.369,1.236
2021-06-21,1.37,1.237
2021-06-22,1.371,1.238
2021-06-23,1.373,1.24
2021-06-24,1.374,1.241
2021-06-25,1.377,1.244
2021-06-26,1.378,1.245
2021-06-27,1.378,1.245
2021-06-28,1.38,1.246
2021-06-29,1.38,1.247
2021-06-30,1.381,1.248
2021-07-01,1.383,1.249
2021-07-02,1.384,1.25
2021-07-03,1.386,1.252
2021-07-04,1.386,1.252
2021-07-05,1.388,1.254
2021-07-06,1.393,1.258
2021-07-07,1.395,1.26
2021-07-08,1.394,1.26
2021-07-09,1.393,1.258
2021-07-10,1.393,1.258
2021-07-11,1.393,1.258
2021-07-12,1.394,1.259
2021-07-13,1.397,1.261
2021-07-14,1.399,1.263
2021-07-15,1.4,1.263
2021-07-16,1.403,1.265
2021-07-17,1.403,1.264
2021-07-18,1.403,1.264
2021-07-19,1.404,1.265
2021-07-20,1.404,1.264
2021-07-21,1.4,1.26
2021-07-22,1.399,1.258
2021-07-23,1.4,1.258
2021-07-24,1.401,1.259
2021-07-25,1.401,1.26
2021-07-26,1.402,1.26
2021-07-27,1.405,1.263
2021-07-28,1.405,1.263
2021-07-29,1.408,1.265
2021-07-30,1.409,1.266
2021-07-31,1.411,1.267
2021-08-01,1.411,1.268
2021-08-02,1.413,1.269
2021-08-03,1.415,1.271
2021-08-04,1.413,1.269
2021-08-05,1.413,1.267
2021-08-06,1.412,1.265
2021-08-07,1.412,1.265
2021-08-08,1.412,1.265
2021-08-09,1.412,1.265
2021-08-10,1.412,1.265
2021-08-11,1.41,1.262
2021-08-12,1.411,1.262
2021-08-13,1.411,1.262
2021-08-14,1.412,1.262
2021-08-15,1.412,1.262
2021-08-16,1.412,1.262
2021-08-17,1.412,1.262
2021-08-18,1.41,1.26
2021-08-19,1.41,1.259
2021-08-20,1.41,1.259
2021-08-21,1.406,1.255
2021-08-22,1.405,1.254
2021-08-23,1.404,1.253
2021-08-24,1.404,1.252
2021-08-25,1.405,1.254
2021-08-26,1.408,1.256
2021-08-27,1.409,1.257
2021-08-28,1.409,1.257
2021-08-29,1.409,1.257
2021-08-30,1.41,1.258
2021-08-31,1.412,1.26
2021-09-01,1.412,1.26
2021-09-02,1.412,1.26
2021-09-03,1.413,1.261
2021-09-04,1.416,1.265
2021-09-05,1.417,1.265
2021-09-06,1.418,1.266
2021-09-07,1.419,1.266
2021-09-08,1.421,1.267
2021-09-09,1.421,1.267
2021-09-10,1.422,1.268
2021-09-11,1.422,1.268
2021-09-12,1.423,1.268
2021-09-13,1.423,1.268
2021-09-14,1.426,1.27
2021-09-15,1.429,1.273
2021-09-16,1.43,1.274
2021-09-17,1.431,1.278
2021-09-18,1.43,1.279
2021-09-19,1.43,1.279
2021-09-20,1.431,1.28
2021-09-21,1.431,1.282
2021-09-22,1.43,1.284
2021-09-23,1.428,1.284
2021-09-24,1.429,1.288
2021-09-25,1.431,1.29
2021-09-26,1.431,1.29
2021-09-27,1.432,1.293
2021-09-28,1.435,1.298
2021-09-29,1.438,1.302
2021-09-30,1.439,1.304
2021-10-01,1.441,1.306
2021-10-02,1.443,1.309
2021-10-03,1.443,1.309
2021-10-04,1.445,1.312
2021-10-05,1.447,1.315
2021-10-06,1.454,1.323
2021-10-07,1.459,1.331
2021-10-08,1.462,1.334
2021-10-09,1.462,1.336
2021-10-10,1.462,1.336
2021-10-11,1.465,1.34
2021-10-12,1.469,1.344
2021-10-13,1.471,1.348
2021-10-14,1.474,1.351
2021-10-15,1.477,1.354
2021-10-16,1.479,1.356
2021-10-17,1.479,1.357
2021-10-18,1.482,1.361
2021-10-19,1.487,1.366
2021-10-20,1.489,1.368
2021-10-21,1.488,1.368
2021-10-22,1.49,1.37
2021-10-23,1.49,1.369
2021-10-24,1.49,1.369
2021-10-25,1.491,1.37
2021-10-26,1.493,1.373
2021-10-27,1.498,1.377
2021-10-28,1.499,1.378
2021-10-29,1.499,1.377
2021-10-30,1.498,1.377
2021-10-31,1.498,1.377
2021-11-01,1.499,1.378
2021-11-02,1.5,1.378
2021-11-03,1.502,1.381
2021-11-04,1.503,1.381
2021-11-05,1.502,1.379
2021-11-06,1.502,1.378
2021-11-07,1.502,1.378
2021-11-08,1.503,1.379
2021-11-09,1.503,1.38
2021-11-10,1.504,1.381
2021-11-11,1.505,1.381
2021-11-12,1.506,1.381
2021-11-13,1.505,1.38
2021-11-14,1.505,1.38
2021-11-15,1.506,1.38
2021-11-16,1.505,1.379
2021-11-17,1.506,1.377
2021-11-18,1.506,1.377
2021-11-19,1.506,1.375
2021-11-20,1.504,1.374
2021-11-21,1.503,1.374
2021-11-22,1.503,1.374
2021-11-23,1.5,1.371
2021-11-24,1.499,1.37
2021-11-25,1.502,1.372
2021-11-26,1.503,1.374
2021-11-27,1.502,1.372
2021-11-28,1.502,1.372
2021-11-29,1.5,1.371
2021-11-30,1.492,1.362
2021-12-01,1.488,1.358
2021-12-02,1.482,1.352
2021-12-03,1.479,1.349
2021-12-04,1.476,1.346
2021-12-05,1.476,1.346
2021-12-06,1.475,1.345
2021-12-07,1.474,1.344
2021-12-08,1.474,1.343
2021-12-09,1.473,1.343
2021-12-10,1.474,1.344
2021-12-11,1.473,1.344
2021-12-12,1.473,1.344
2021-12-13,1.472,1.343
2021-12-14,1.472,1.343
2021-12-15,1.472,1.343
2021-12-16,1.471,1.342
2021-12-17,1.469,1.34
2021-12-18,1.471,1.342
2021-12-19,1.471,1.342
2021-12-20,1.47,1.341
2021-12-21,1.468,1.339
2021-12-22,1.464,1.335
2021-12-23,1.464,1.335
2021-12-24,1.466,1.337
2021-12-25,1.468,1.339
2021-12-26,1.469,1.339
2021-12-27,1.469,1.34
2021-12-28,1.47,1.34
2021-12-29,1.47,1.341
2021-12-30,1.471,1.341
2021-12-31,1.474,1.345
2022-01-01,1.476,1.346
2022-01-02,1.476,1.347
2022-01-03,1.478,1.348
2022-01-04,1.478,1.349
2022-01-05,1.48,1.351
2022-01-06,1.481,1.354
2022-01-07,1.483,1.356
2022-01-08,1.485,1.36
2022-01-09,1.486,1.361
2022-01-10,1.488,1.364
2022-01-11,1.489,1.367
2022-01-12,1.491,1.37
2022-01-13,1.494,1.375
2022-01-14,1.498,1.379
2022-01-15,1.498,1.38
2022-01-16,1.499,1.38
2022-01-17,1.501,1.384
2022-01-18,1.504,1.389
2022-01-19,1.507,1.393
2022-01-20,1.511,1.397
2022-01-21,1.515,1.402
2022-01-22,1.517,1.403
2022-01-23,1.518,1.403
2022-01-24,1.52,1.407
2022-01-25,1.522,1.409
2022-01-26,1.523,1.409
2022-01-27,1.526,1.413
2022-01-28,1.532,1.419
2022-01-29,1.535,1.421
2022-01-30,1.535,1.422
2022-01-31,1.538,1.426
2022-02-01,1.543,1.431
2022-02-02,1.546,1.434
2022-02-03,1.548,1.436
2022-02-04,1.55,1.438
2022-02-05,1.553,1.442
2022-02-06,1.554,1.442
2022-02-07,1.559,1.447
2022-02-08,1.563,1.453
2022-02-09,1.565,1.454
2022-02-10,1.563,1.453
2022-02-11,1.567,1.456
2022-02-12,1.569,1.459
2022-02-13,1.57,1.459
2022-02-14,1.573,1.463
2022-02-15,1.577,1.467
2022-02-16,1.582,1.472
2022-02-17,1.583,1.474
2022-02-18,1.585,1.475
2022-02-19,1.584,1.474
2022-02-20,1.584,1.474
2022-02-21,1.585,1.475
2022-02-22,1.586,1.476
2022-02-23,1.589,1.479
2022-02-24,1.593,1.483
2022-02-25,1.604,1.494
2022-02-26,1.607,1.497
2022-02-27,1.608,1.498
2022-02-28,1.612,1.502
2022-03-01,1.62,1.511
2022-03-02,1.63,1.523
2022-03-03,1.653,1.55
2022-03-04,1.672,1.578
2022-03-05,1.686,1.594
2022-03-06,1.698,1.608
2022-03-07,1.722,1.64
2022-03-08,1.766,1.7
2022-03-09,1.812,1.767
2022-03-10,1.841,1.82
2022-03-11,1.852,1.836
2022-03-12,1.849,1.832
2022-03-13,1.848,1.832
2022-03-14,1.849,1.833
2022-03-15,1.841,1.824
2022-03-16,1.826,1.807
2022-03-17,1.799,1.778
2022-03-18,1.79,1.77
2022-03-19,1.79,1.775
2022-03-20,1.79,1.777
2022-03-21,1.788,1.779
2022-03-22,1.789,1.788
2022-03-23,1.798,1.804
2022-03-24,1.801,1.818
2022-03-25,1.814,1.836
2022-03-26,1.816,1.843
2022-03-27,1.819,1.845
2022-03-28,1.824,1.853
2022-03-29,1.825,1.854
2022-03-30,1.811,1.851
2022-03-31,1.803,1.845
2022-04-01,1.8,1.836
2022-04-02,1.798,1.827
2022-04-03,1.797,1.825
2022-04-04,1.794,1.819
2022-04-05,1.79,1.815
2022-04-06,1.791,1.821
2022-04-07,1.788,1.815
2022-04-08,1.784,1.806
2022-04-09,1.779,1.797
2022-04-10,1.778,1.796
2022-04-11,1.774,1.789
2022-04-12,1.772,1.786
2022-04-13,1.769,1.782
2022-04-14,1.776,1.789
2022-04-15,1.781,1.794
2022-04-16,1.786,1.802
2022-04-17,1.788,1.804
2022-04-18,1.792,1.81
2022-04-19,1.798,1.822
2022-04-20,1.803,1.83
2022-04-21,1.809,1.838
2022-04-22,1.812,1.843
2022-04-23,1.813,1.843
2022-04-24,1.813,1.844
2022-04-25,1.814,1.845
2022-04-26,1.814,1.846
2022-04-27,1.81,1.843
2022-04-28,1.818,1.851
2022-04-29,1.83,1.864
2022-04-30,1.839,1.873
2022-05-01,1.841,1.878
2022-05-02,1.845,1.884
2022-05-03,1.854,1.893
2022-05-04,1.861,1.901
2022-05-05,1.864,1.903
2022-05-06,1.869,1.904
2022-05-07,1.874,1.902
2022-05-08,1.875,1.9
2022-05-09,1.879,1.898
2022-05-10,1.885,1.893
2022-05-11,1.883,1.883
2022-05-12,1.881,1.876
2022-05-13,1.882,1.872
2022-05-14,1.887,1.87
2022-05-15,1.893,1.873
2022-05-16,1.899,1.873
2022-05-17,1.908,1.873
2022-05-18,1.918,1.871
2022-05-19,1.929,1.866
2022-05-20,1.933,1.855
2022-05-21,1.934,1.849
2022-05-22,1.935,1.848
2022-05-23,1.939,1.843
2022-05-24,1.941,1.84
2022-05-25,1.942,1.836
2022-05-26,1.944,1.835
2022-05-27,1.954,1.84
2022-05-28,1.963,1.847
2022-05-29,1.967,1.85
2022-05-30,1.976,1.856
2022-05-31,1.986,1.864
2022-06-01,2.004,1.879
2022-06-02,2.023,1.896
2022-06-03,2.042,1.914
2022-06-04,2.052,1.924
2022-06-05,2.055,1.927
2022-06-06,2.066,1.937
2022-06-07,2.079,1.951
2022-06-08,2.09,1.971
2022-06-09,2.094,1.981
2022-06-10,2.101,1.995
2022-06-11,2.109,2.006
2022-06-12,2.11,2.01
2022-06-13,2.116,2.021
2022-06-14,2.121,2.032
2022-06-15,2.124,2.041
2022-06-16,2.127,2.056
2022-06-17,2.129,2.073
2022-06-18,2.129,2.077
2022-06-19,2.125,2.078
2022-06-20,2.123,2.083
2022-06-21,2.118,2.085
2022-06-22,2.117,2.088
2022-06-23,2.116,2.089
2022-06-24,2.113,2.087
2022-06-25,2.111,2.086
2022-06-26,2.111,2.087
2022-06-27,2.11,2.087
2022-06-28,2.109,2.087
2022-06-29,2.106,2.081
2022-06-30,2.104,2.07
2022-07-01,2.1,2.062
2022-07-02,2.093,2.052
2022-07-03,2.093,2.052
2022-07-04,2.089,2.046
2022-07-05,2.087,2.044
2022-07-06,2.085,2.041
2022-07-07,2.068,2.023
2022-07-08,2.05,2.0
2022-07-09,2.047,1.997
2022-07-10,2.047,1.994
2022-07-11,2.042,1.986
2022-07-12,2.038,1.978
2022-07-13,2.036,1.974
2022-07-14,2.025,1.965
2022-07-15,2.013,1.96
2022-07-16,2.005,1.957
2022-07-17,2.001,1.957
2022-07-18,1.992,1.953
2022-07-19,1.983,1.951
2022-07-20,1.971,1.946
2022-07-21,1.955,1.933
2022-07-22,1.94,1.922
2022-07-23,1.929,1.912
2022-07-24,1.928,1.911
2022-07-25,1.92,1.905
2022-07-26,1.91,1.897
2022-07-27,1.9,1.889
2022-07-28,1.895,1.886
2022-07-29,1.893,1.885
2022-07-30,1.891,1.884
2022-07-31,1.891,1.884
2022-08-01,1.889,1.882
2022-08-02,1.885,1.878
2022-08-03,1.872,1.862
2022-08-04,1.864,1.853
2022-08-05,1.853,1.845
2022-08-06,1.844,1.839
2022-08-07,1.839,1.837
2022-08-08,1.825,1.827
2022-08-09,1.807,1.815
2022-08-10,1.798,1.804
2022-08-11,1.793,1.8
2022-08-12,1.789,1.797
2022-08-13,1.789,1.797
2022-08-14,1.789,1.8
2022-08-15,1.788,1.8
2022-08-16,1.786,1.799
2022-08-17,1.784,1.799
2022-08-18,1.779,1.802
2022-08-19,1.778,1.809
2022-08-20,1.781,1.817
2022-08-21,1.783,1.82
2022-08-22,1.785,1.828
2022-08-23,1.788,1.837
2022-08-24,1.786,1.85
2022-08-25,1.79,1.866
2022-08-26,1.791,1.882
2022-08-27,1.791,1.889
2022-08-28,1.788,1.893
2022-08-29,1.787,1.903
2022-08-30,1.785,1.911
2022-08-31,1.784,1.917
2022-09-01,1.782,1.918
2022-09-02,1.774,1.913
2022-09-03,1.768,1.908
2022-09-04,1.767,1.908
2022-09-05,1.762,1.906
2022-09-06,1.76,1.906
2022-09-07,1.759,1.906
2022-09-08,1.753,1.902
2022-09-09,1.742,1.897
2022-09-10,1.736,1.891
2022-09-11,1.734,1.89
2022-09-12,1.726,1.885
2022-09-13,1.72,1.88
2022-09-14,1.718,1.878
2022-09-15,1.711,1.872
2022-09-16,1.704,1.859
2022-09-17,1.699,1.849
2022-09-18,1.697,1.846
2022-09-19,1.691,1.836
2022-09-20,1.686,1.825
2022-09-21,1.683,1.82
2022-09-22,1.68,1.817
2022-09-23,1.677,1.814
2022-09-24,1.677,1.813
2022-09-25,1.675,1.812
2022-09-26,1.673,1.809
2022-09-27,1.67,1.804
2022-09-28,1.669,1.799
2022-09-29,1.67,1.799
2022-09-30,1.676,1.803
2022-10-01,1.677,1.803
2022-10-02,1.677,1.803
2022-10-03,1.679,1.804
2022-10-04,1.679,1.805
2022-10-05,1.687,1.811
2022-10-06,1.698,1.827
2022-10-07,1.71,1.849
2022-10-08,1.715,1.865
2022-10-09,1.724,1.881
2022-10-10,1.736,1.905
2022-10-11,1.744,1.922
2022-10-12,1.745,1.925
2022-10-13,1.747,1.931
2022-10-14,1.75,1.94
2022-10-15,1.755,1.946
2022-10-16,1.754,1.947
2022-10-17,1.757,1.953
2022-10-18,1.758,1.956
2022-10-19,1.759,1.961
2022-10-20,1.756,1.962
2022-10-21,1.756,1.962
2022-10-22,1.756,1.962
2022-10-23,1.756,1.962
2022-10-24,1.755,1.962
2022-10-25,1.754,1.96
2022-10-26,1.754,1.96
2022-10-27,1.752,1.96
2022-10-28,1.753,1.959
2022-10-29,1.752,1.959
2022-10-30,1.752,1.959
2022-10-31,1.752,1.959
2022-11-01,1.752,1.959
2022-11-02,1.753,1.958
2022-11-03,1.758,1.95
2022-11-04,1.765,1.947
2022-11-05,1.771,1.95
2022-11-06,1.772,1.95
2022-11-07,1.777,1.951
2022-11-08,1.78,1.95
2022-11-09,1.781,1.946
2022-11-10,1.78,1.94
2022-11-11,1.776,1.927
2022-11-12,1.775,1.92
2022-11-13,1.774,1.915
2022-11-14,1.772,1.905
2022-11-15,1.771,1.893
2022-11-16,1.766,1.884
2022-11-17,1.761,1.874
2022-11-18,1.756,1.866
2022-11-19,1.752,1.858
2022-11-20,1.75,1.856
2022-11-21,1.745,1.848
2022-11-22,1.74,1.839
2022-11-23,1.733,1.829
2022-11-24,1.729,1.823
2022-11-25,1.724,1.812
2022-11-26,1.719,1.805
2022-11-27,1.717,1.803
2022-11-28,1.71,1.793
2022-11-29,1.701,1.782
2022-11-30,1.69,1.769
2022-12-01,1.683,1.76
2022-12-02,1.681,1.755
2022-12-03,1.679,1.753
2022-12-04,1.676,1.75
2022-12-05,1.67,1.744
2022-12-06,1.666,1.738
2022-12-07,1.656,1.729
2022-12-08,1.649,1.719
2022-12-09,1.637,1.704
2022-12-10,1.627,1.695
2022-12-11,1.622,1.69
2022-12-12,1.61,1.677
2022-12-13,1.602,1.667
2022-12-14,1.594,1.663
2022-12-15,1.591,1.661
2022-12-16,1.588,1.66
2022-12-17,1.584,1.658
2022-12-18,1.581,1.656
2022-12-19,1.575,1.651
2022-12-20,1.567,1.647
2022-12-21,1.563,1.642
2022-12-22,1.561,1.638
2022-12-23,1.56,1.638
2022-12-24,1.562,1.639
2022-12-25,1.563,1.641
2022-12-26,1.563,1.641
2022-12-27,1.564,1.642
2022-12-28,1.568,1.647
2022-12-29,1.574,1.653
2022-12-30,1.58,1.659
2022-12-31,1.585,1.66
2023-01-01,1.592,1.667
2023-01-02,1.598,1.673
2023-01-03,1.607,1.678
2023-01-04,1.612,1.68
2023-01-05,1.614,1.68
2023-01-06,1.611,1.676
2023-01-07,1.611,1.676
2023-01-08,1.611,1.676
2023-01-09,1.611,1.675
2023-01-10,1.611,1.674
2023-01-11,1.611,1.673
2023-01-12,1.61,1.672
2023-01-13,1.613,1.673
2023-01-14,1.616,1.675
2023-01-15,1.617,1.675
2023-01-16,1.62,1.677
2023-01-17,1.622,1.679
2023-01-18,1.624,1.68
2023-01-19,1.627,1.681
2023-01-20,1.631,1.683
2023-01-21,1.633,1.683
2023-01-22,1.635,1.685
2023-01-23,1.64,1.689
2023-01-24,1.647,1.695
2023-01-25,1.652,1.7
2023-01-26,1.654,1.701
2023-01-27,1.655,1.699
2023-01-28,1.655,1.699
2023-01-29,1.655,1.697
2023-01-30,1.656,1.695
2023-01-31,1.657,1.692
2023-02-01,1.654,1.686
2023-02-02,1.653,1.681
2023-02-03,1.649,1.671
2023-02-04,1.645,1.665
2023-02-05,1.642,1.66
2023-02-06,1.638,1.65
2023-02-07,1.631,1.638
2023-02-08,1.628,1.631
2023-02-09,1.628,1.629
2023-02-10,1.625,1.623
2023-02-11,1.625,1.62
2023-02-12,1.627,1.62
2023-02-13,1.627,1.616
2023-02-14,1.63,1.615
2023-02-15,1.63,1.614
2023-02-16,1.631,1.612
2023-02-17,1.63,1.608
2023-02-18,1.63,1.605
2023-02-19,1.629,1.603
2023-02-20,1.628,1.598
2023-02-21,1.626,1.592
2023-02-22,1.627,1.59
2023-02-23,1.626,1.587
2023-02-24,1.624,1.584
2023-02-25,1.624,1.583
2023-02-26,1.624,1.583
2023-02-27,1.623,1.581
2023-02-28,1.624,1.581
2023-03-01,1.624,1.582
2023-03-02,1.627,1.583
2023-03-03,1.628,1.584
2023-03-04,1.63,1.587
2023-03-05,1.632,1.589
2023-03-06,1.634,1.592
2023-03-07,1.635,1.593
2023-03-08,1.636,1.594
2023-03-09,1.637,1.591
2023-03-10,1.636,1.588
2023-03-11,1.636,1.586
2023-03-12,1.636,1.585
2023-03-13,1.636,1.583
2023-03-14,1.636,1.581
2023-03-15,1.633,1.578
2023-03-16,1.631,1.573
2023-03-17,1.625,1.564
2023-03-18,1.624,1.561
2023-03-19,1.624,1.56
2023-03-20,1.623,1.557
2023-03-21,1.622,1.553
2023-03-22,1.619,1.55
2023-03-23,1.618,1.544
2023-03-24,1.62,1.542
2023-03-25,1.62,1.539
2023-03-26,1.621,1.539
2023-03-27,1.621,1.536
2023-03-28,1.621,1.533
2023-03-29,1.622,1.532
2023-03-30,1.624,1.532
2023-03-31,1.624,1.527
2023-04-01,1.624,1.524
2023-04-02,1.624,1.524
2023-04-03,1.625,1.523
2023-04-04,1.626,1.522
2023-04-05,1.633,1.523
2023-04-06,1.633,1.522
2023-04-07,1.633,1.521
2023-04-08,1.633,1.521
2023-04-09,1.633,1.521
2023-04-10,1.637,1.521
2023-04-11,1.639,1.521
2023-04-12,1.641,1.52
2023-04-13,1.642,1.519
2023-04-14,1.646,1.519
2023-04-15,1.645,1.517
2023-04-16,1.643,1.516
2023-04-17,1.643,1.513
2023-04-18,1.642,1.508
2023-04-19,1.639,1.504
2023-04-20,1.637,1.5
2023-04-21,1.633,1.494
2023-04-22,1.629,1.489
2023-04-23,1.628,1.488
2023-04-24,1.626,1.484
2023-04-25,1.624,1.48
2023-04-26,1.621,1.475
2023-04-27,1.617,1.469
2023-04-28,1.614,1.462
2023-04-29,1.609,1.456
2023-04-30,1.609,1.456
2023-05-01,1.608,1.455
2023-05-02,1.607,1.452
2023-05-03,1.605,1.448
2023-05-04,1.597,1.44
2023-05-05,1.588,1.429
2023-05-06,1.585,1.426
2023-05-07,1.584,1.425
2023-05-08,1.581,1.421
2023-05-09,1.577,1.418
2023-05-10,1.575,1.415
2023-05-11,1.574,1.414
2023-05-12,1.574,1.414
2023-05-13,1.573,1.412
2023-05-14,1.571,1.411
2023-05-15,1.57,1.409
2023-05-16,1.569,1.408
2023-05-17,1.567,1.407
2023-05-18,1.567,1.407
2023-05-19,1.571,1.411
2023-05-20,1.572,1.412
2023-05-21,1.572,1.412
2023-05-22,1.572,1.413
2023-05-23,1.572,1.413
2023-05-24,1.573,1.413
2023-05-25,1.577,1.415
2023-05-26,1.58,1.418
2023-05-27,1.58,1.417
2023-05-28,1.58,1.418
2023-05-29,1.581,1.418
2023-05-30,1.582,1.418
2023-05-31,1.582,1.418
2023-06-01,1.581,1.417
2023-06-02,1.58,1.415
2023-06-03,1.58,1.416
2023-06-04,1.58,1.417
2023-06-05,1.58,1.418
2023-06-06,1.581,1.419
2023-06-07,1.583,1.422
2023-06-08,1.585,1.424
2023-06-09,1.588,1.425
2023-06-10,1.588,1.425
2023-06-11,1.588,1.425
2023-06-12,1.589,1.425
2023-06-13,1.59,1.425
2023-06-14,1.587,1.423
2023-06-15,1.587,1.423
2023-06-16,1.588,1.423
2023-06-17,1.588,1.426
2023-06-18,1.588,1.429
2023-06-19,1.589,1.432
2023-06-20,1.59,1.435
2023-06-21,1.591,1.439
2023-06-22,1.592,1.44
2023-06-23,1.592,1.442
2023-06-24,1.589,1.44
2023-06-25,1.588,1.439
2023-06-26,1.586,1.438
2023-06-27,1.585,1.437
2023-06-28,1.584,1.437
2023-06-29,1.583,1.436
2023-06-30,1.581,1.434
2023-07-01,1.581,1.434
2023-07-02,1.583,1.434
2023-07-03,1.584,1.434
2023-07-04,1.584,1.434
2023-07-05,1.584,1.434
2023-07-06,1.585,1.434
2023-07-07,1.585,1.439
2023-07-08,1.585,1.439
2023-07-09,1.585,1.439
2023-07-10,1.585,1.44
2023-07-11,1.586,1.442
2023-07-12,1.588,1.446
2023-07-13,1.591,1.45
2023-07-14,1.596,1.453
2023-07-15,1.596,1.453
2023-07-16,1.596,1.453
2023-07-17,1.598,1.455
2023-07-18,1.597,1.455
2023-07-19,1.598,1.455
2023-07-20,1.6,1.456
2023-07-21,1.606,1.462
2023-07-22,1.608,1.464
2023-07-23,1.611,1.467
2023-07-24,1.615,1.471
2023-07-25,1.622,1.478
2023-07-26,1.63,1.486
2023-07-27,1.634,1.49
2023-07-28,1.64,1.497
2023-07-29,1.645,1.503
2023-07-30,1.648,1.507
2023-07-31,1.655,1.514
2023-08-01,1.66,1.521
2023-08-02,1.665,1.532
2023-08-03,1.668,1.544
2023-08-04,1.67,1.55
2023-08-05,1.671,1.555
2023-08-06,1.671,1.556
2023-08-07,1.672,1.561
2023-08-08,1.673,1.566
2023-08-09,1.674,1.569
2023-08-10,1.676,1.573
2023-08-11,1.681,1.581
2023-08-12,1.684,1.585
2023-08-13,1.685,1.586
2023-08-14,1.687,1.589
2023-08-15,1.691,1.591
2023-08-16,1.693,1.592
2023-08-17,1.694,1.593
2023-08-18,1.698,1.594
2023-08-19,1.7,1.595
2023-08-20,1.701,1.595
2023-08-21,1.703,1.597
2023-08-22,1.705,1.601
2023-08-23,1.706,1.602
2023-08-24,1.707,1.603
2023-08-25,1.708,1.604
2023-08-26,1.71,1.605
2023-08-27,1.711,1.606
2023-08-28,1.713,1.608
2023-08-29,1.717,1.613
2023-08-30,1.719,1.616
2023-08-31,1.72,1.616
2023-09-01,1.719,1.614
2023-09-02,1.719,1.614
2023-09-03,1.719,1.615
2023-09-04,1.719,1.615
2023-09-05,1.72,1.617
2023-09-06,1.721,1.619
2023-09-07,1.722,1.625
2023-09-08,1.723,1.627
2023-09-09,1.724,1.629
2023-09-10,1.726,1.631
2023-09-11,1.728,1.636
2023-09-12,1.732,1.642
2023-09-13,1.734,1.65
2023-09-14,1.738,1.655
2023-09-15,1.74,1.663
2023-09-16,1.743,1.667
2023-09-17,1.743,1.668
2023-09-18,1.746,1.672
2023-09-19,1.748,1.675
2023-09-20,1.749,1.676
2023-09-21,1.748,1.675
2023-09-22,1.748,1.675
2023-09-23,1.747,1.679
2023-09-24,1.748,1.679
2023-09-25,1.748,1.68
2023-09-26,1.748,1.681
2023-09-27,1.744,1.677
2023-09-28,1.74,1.675
2023-09-29,1.739,1.677
2023-09-30,1.739,1.68
2023-10-01,1.738,1.681
2023-10-02,1.736,1.682
2023-10-03,1.732,1.685
2023-10-04,1.724,1.685
2023-10-05,1.719,1.681
2023-10-06,1.708,1.675
2023-10-07,1.698,1.667
2023-10-08,1.697,1.667
2023-10-09,1.69,1.663
2023-10-10,1.683,1.658
2023-10-11,1.677,1.654
2023-10-12,1.674,1.651
2023-10-13,1.671,1.649
2023-10-14,1.667,1.647
2023-10-15,1.667,1.646
2023-10-16,1.663,1.645
2023-10-17,1.661,1.647
2023-10-18,1.657,1.648
2023-10-19,1.655,1.647
2023-10-20,1.654,1.647
2023-10-21,1.654,1.647
2023-10-22,1.655,1.648
2023-10-23,1.654,1.648
2023-10-24,1.653,1.648
2023-10-25,1.652,1.645
2023-10-26,1.646,1.64
2023-10-27,1.643,1.637
2023-10-28,1.642,1.636
2023-10-29,1.641,1.635
2023-10-30,1.638,1.632
2023-10-31,1.635,1.629
2023-11-01,1.635,1.627
2023-11-02,1.633,1.626
2023-11-03,1.632,1.624
2023-11-04,1.632,1.624
2023-11-05,1.64,1.635
2023-11-06,1.629,1.621
2023-11-07,1.625,1.616
2023-11-08,1.621,1.612
2023-11-09,1.616,1.606
2023-11-10,1.611,1.601
2023-11-11,1.61,1.596
2023-11-12,1.609,1.595
2023-11-13,1.605,1.588
2023-11-14,1.602,1.582
2023-11-15,1.6,1.579
2023-11-16,1.599,1.577
2023-11-17,1.595,1.572
2023-11-18,1.592,1.569
2023-11-19,1.59,1.567
2023-11-20,1.587,1.564
2023-11-21,1.585,1.56
2023-11-22,1.584,1.559
2023-11-23,1.582,1.556
2023-11-24,1.579,1.553
2023-11-25,1.579,1.552
2023-11-26,1.579,1.552
2023-11-27,1.577,1.55
2023-11-28,1.574,1.547
2023-11-29,1.57,1.543
2023-11-30,1.569,1.541
2023-12-01,1.567,1.539
2023-12-02,1.564,1.536
2023-12-03,1.564,1.536
2023-12-04,1.563,1.534
2023-12-05,1.56,1.531
2023-12-06,1.557,1.528
2023-12-07,1.555,1.525
2023-12-08,1.552,1.522
2023-12-09,1.552,1.521
2023-12-10,1.552,1.521
2023-12-11,1.547,1.516
2023-12-12,1.544,1.512
2023-12-13,1.539,1.508
2023-12-14,1.533,1.5
2023-12-15,1.53,1.496
2023-12-16,1.53,1.494
2023-12-17,1.529,1.494
2023-12-18,1.528,1.491
2023-12-19,1.527,1.489
2023-12-20,1.527,1.489
2023-12-21,1.527,1.489
2023-12-22,1.53,1.492
2023-12-23,1.53,1.492
2023-12-24,1.53,1.492
2023-12-25,1.53,1.492
2023-12-26,1.53,1.492
2023-12-27,1.531,1.493
2023-12-28,1.532,1.493
2023-12-29,1.531,1.492
2023-12-30,1.53,1.49
2023-12-31,1.53,1.489
2024-01-01,1.53,1.489
2024-01-02,1.53,1.487
2024-01-03,1.53,1.485
2024-01-04,1.53,1.484
2024-01-05,1.533,1.486
2024-01-06,1.533,1.486
2024-01-07,1.533,1.486
2024-01-08,1.534,1.485
2024-01-09,1.533,1.485
2024-01-10,1.53,1.481
2024-01-11,1.53,1.48
2024-01-12,1.53,1.48
2024-01-13,1.531,1.481
2024-01-14,1.531,1.482
2024-01-15,1.531,1.482
2024-01-16,1.531,1.482
2024-01-17,1.531,1.482
2024-01-18,1.532,1.484
2024-01-19,1.532,1.484
2024-01-20,1.534,1.485
2024-01-21,1.534,1.485
2024-01-22,1.535,1.486
2024-01-23,1.535,1.487
2024-01-24,1.537,1.488
2024-01-25,1.539,1.49
2024-01-26,1.541,1.493
2024-01-27,1.543,1.495
2024-01-28,1.545,1.496
2024-01-29,1.547,1.499
2024-01-30,1.55,1.502
2024-01-31,1.552,1.505
2024-02-01,1.554,1.508
2024-02-02,1.556,1.511
2024-02-03,1.557,1.512
2024-02-04,1.556,1.511
2024-02-05,1.556,1.513
2024-02-06,1.556,1.512
2024-02-07,1.558,1.514
2024-02-08,1.561,1.518
2024-02-09,1.566,1.524
2024-02-10,1.57,1.528
2024-02-11,1.573,1.531
2024-02-12,1.578,1.537
2024-02-13,1.583,1.544
2024-02-14,1.587,1.548
2024-02-15,1.591,1.553
2024-02-16,1.594,1.555
2024-02-17,1.594,1.556
2024-02-18,1.595,1.556
2024-02-19,1.596,1.558
2024-02-20,1.598,1.559
2024-02-21,1.599,1.56
2024-02-22,1.599,1.558
2024-02-23,1.599,1.556
2024-02-24,1.599,1.555
2024-02-25,1.599,1.553
2024-02-26,1.599,1.551
2024-02-27,1.6,1.55
2024-02-28,1.6,1.55
2024-02-29,1.602,1.549
2024-03-01,1.601,1.546
2024-03-02,1.602,1.545
2024-03-03,1.604,1.545
2024-03-04,1.606,1.545
2024-03-05,1.608,1.545
2024-03-06,1.608,1.542
2024-03-07,1.608,1.539
2024-03-08,1.609,1.538
2024-03-09,1.607,1.536
2024-03-10,1.606,1.535
2024-03-11,1.605,1.532
2024-03-12,1.604,1.53
2024-03-13,1.605,1.529
2024-03-14,1.606,1.527
2024-03-15,1.61,1.527
2024-03-16,1.612,1.528
2024-03-17,1.613,1.529
2024-03-18,1.615,1.529
2024-03-19,1.618,1.531
2024-03-20,1.623,1.535
2024-03-21,1.629,1.538
2024-03-22,1.631,1.538
2024-03-23,1.631,1.537
2024-03-24,1.631,1.537
2024-03-25,1.633,1.537
2024-03-26,1.634,1.537
2024-03-27,1.637,1.538
2024-03-28,1.638,1.538
2024-03-29,1.638,1.538
2024-03-30,1.638,1.538
2024-03-31,1.639,1.538
2024-04-01,1.639,1.538
2024-04-02,1.642,1.539
2024-04-03,1.644,1.541
2024-04-04,1.65,1.546
2024-04-05,1.654,1.55
2024-04-06,1.656,1.551
2024-04-07,1.657,1.551
2024-04-08,1.66,1.554
2024-04-09,1.664,1.556
2024-04-10,1.666,1.556
2024-04-11,1.666,1.555
2024-04-12,1.667,1.555
2024-04-13,1.668,1.556
2024-04-14,1.671,1.558
2024-04-15,1.673,1.559
2024-04-16,1.674,1.56
2024-04-17,1.676,1.56
2024-04-18,1.678,1.559
2024-04-19,1.679,1.555
2024-04-20,1.679,1.552
2024-04-21,1.679,1.551
2024-04-22,1.679,1.548
2024-04-23,1.679,1.545
2024-04-24,1.679,1.541
2024-04-25,1.678,1.54
2024-04-26,1.678,1.538
2024-04-27,1.678,1.536
2024-04-28,1.678,1.536
2024-04-29,1.679,1.535
2024-04-30,1.679,1.533
2024-05-01,1.679,1.533
2024-05-02,1.679,1.532
2024-05-03,1.677,1.529
2024-05-04,1.675,1.526
2024-05-05,1.674,1.525
2024-05-06,1.672,1.522
2024-05-07,1.67,1.519
2024-05-08,1.668,1.515
2024-05-09,1.665,1.512
2024-05-10,1.663,1.509
2024-05-11,1.662,1.508
2024-05-12,1.66,1.506
2024-05-13,1.658,1.503
2024-05-14,1.656,1.501
2024-05-15,1.653,1.498
2024-05-16,1.65,1.494
2024-05-17,1.649,1.492
2024-05-18,1.648,1.491
2024-05-19,1.648,1.491
2024-05-20,1.647,1.49
2024-05-21,1.646,1.489
2024-05-22,1.646,1.488
2024-05-23,1.643,1.485
2024-05-24,1.64,1.482
2024-05-25,1.639,1.481
2024-05-26,1.638,1.48
2024-05-27,1.636,1.478
2024-05-28,1.635,1.476
2024-05-29,1.634,1.475
2024-05-30,1.634,1.476
2024-05-31,1.633,1.474
2024-06-01,1.632,1.474
2024-06-02,1.631,1.472
2024-06-03,1.629,1.47
2024-06-04,1.627,1.468
2024-06-05,1.622,1.462
2024-06-06,1.617,1.458
2024-06-07,1.614,1.454
2024-06-08,1.613,1.453
2024-06-09,1.613,1.453
2024-06-10,1.611,1.451
2024-06-11,1.61,1.45
2024-06-12,1.609,1.45
2024-06-13,1.609,1.451
2024-06-14,1.609,1.452
2024-06-15,1.608,1.455
2024-06-16,1.608,1.456
2024-06-17,1.608,1.459
2024-06-18,1.608,1.46
2024-06-19,1.608,1.462
2024-06-20,1.609,1.467
2024-06-21,1.609,1.471
2024-06-22,1.61,1.473
2024-06-23,1.611,1.474
2024-06-24,1.611,1.477
2024-06-25,1.612,1.48
2024-06-26,1.613,1.482
2024-06-27,1.613,1.485
2024-06-28,1.614,1.487
2024-06-29,1.616,1.489
2024-06-30,1.616,1.489
2024-07-01,1.616,1.491
2024-07-02,1.617,1.491
2024-07-03,1.617,1.494
2024-07-04,1.618,1.497
2024-07-05,1.619,1.499
2024-07-06,1.619,1.499
2024-07-07,1.619,1.499
2024-07-08,1.62,1.5
2024-07-09,1.62,1.501
2024-07-10,1.619,1.5
2024-07-11,1.616,1.498
2024-07-12,1.615,1.496
2024-07-13,1.615,1.496
2024-07-14,1.615,1.495
2024-07-15,1.615,1.494
2024-07-16,1.614,1.494
2024-07-17,1.613,1.493
2024-07-18,1.61,1.49
2024-07-19,1.609,1.489
2024-07-20,1.608,1.488
2024-07-21,1.608,1.488
2024-07-22,1.608,1.487
2024-07-23,1.607,1.486
2024-07-24,1.606,1.483
2024-07-25,1.605,1.481
2024-07-26,1.604,1.48
2024-07-27,1.603,1.48
2024-07-28,1.602,1.478
2024-07-29,1.601,1.477
2024-07-30,1.599,1.475
2024-07-31,1.597,1.473
2024-08-01,1.595,1.471
2024-08-02,1.595,1.471
2024-08-03,1.595,1.47
2024-08-04,1.594,1.47
2024-08-05,1.593,1.468
2024-08-06,1.589,1.465
2024-08-07,1.585,1.46
2024-08-08,1.582,1.457
2024-08-09,1.581,1.456
2024-08-10,1.58,1.455
2024-08-11,1.58,1.455
2024-08-12,1.579,1.453
2024-08-13,1.578,1.453
2024-08-14,1.578,1.452
2024-08-15,1.577,1.452
2024-08-16,1.577,1.451
2024-08-17,1.575,1.451
2024-08-18,1.575,1.451
2024-08-19,1.573,1.449
2024-08-20,1.57,1.446
2024-08-21,1.566,1.442
2024-08-22,1.56,1.437
2024-08-23,1.556,1.434
2024-08-24,1.554,1.433
2024-08-25,1.554,1.432
2024-08-26,1.552,1.43
2024-08-27,1.551,1.429
2024-08-28,1.55,1.428
2024-08-29,1.547,1.425
2024-08-30,1.543,1.421
2024-08-31,1.543,1.421
2024-09-01,1.542,1.42
2024-09-02,1.541,1.419
2024-09-03,1.537,1.416
2024-09-04,1.534,1.413
2024-09-05,1.528,1.409
2024-09-06,1.523,1.404
2024-09-07,1.52,1.401
2024-09-08,1.518,1.4
2024-09-09,1.514,1.395
2024-09-10,1.509,1.391
2024-09-11,1.504,1.386
2024-09-12,1.499,1.381
2024-09-13,1.495,1.378
2024-09-14,1.494,1.377
2024-09-15,1.493,1.377
2024-09-16,1.491,1.374
2024-09-17,1.487,1.371
2024-09-18,1.485,1.368
2024-09-19,1.483,1.368
2024-09-20,1.482,1.367
2024-09-21,1.482,1.367
2024-09-22,1.482,1.367
2024-09-23,1.482,1.366
2024-09-24,1.481,1.365
2024-09-25,1.48,1.365
2024-09-26,1.479,1.364
2024-09-27,1.478,1.363
2024-09-28,1.477,1.361
2024-09-29,1.477,1.361
2024-09-30,1.475,1.36
2024-10-01,1.475,1.359
2024-10-02,1.475,1.359
2024-10-03,1.475,1.36
2024-10-04,1.475,1.362
2024-10-05,1.477,1.364
2024-10-06,1.479,1.366
2024-10-07,1.48,1.369
2024-10-08,1.482,1.374
2024-10-09,1.487,1.38
2024-10-10,1.489,1.382
2024-10-11,1.491,1.384
2024-10-12,1.492,1.386
2024-10-13,1.494,1.387
2024-10-14,1.496,1.39
2024-10-15,1.5,1.393
2024-10-16,1.5,1.394
2024-10-17,1.5,1.392
2024-10-18,1.5,1.391
2024-10-19,1.5,1.391
2024-10-20,1.499,1.39
2024-10-21,1.5,1.39
2024-10-22,1.499,1.389
2024-10-23,1.501,1.391
2024-10-24,1.502,1.392
2024-10-25,1.503,1.393
2024-10-26,1.502,1.393
2024-10-27,1.502,1.393
2024-10-28,1.503,1.393
2024-10-29,1.502,1.393
2024-10-30,1.5,1.391
2024-10-31,1.499,1.389
2024-11-01,1.498,1.389
2024-11-02,1.498,1.39
2024-11-03,1.498,1.39
2024-11-04,1.498,1.391
2024-11-05,1.498,1.392
2024-11-06,1.498,1.394
2024-11-07,1.499,1.398
2024-11-08,1.499,1.4
2024-11-09,1.499,1.4
2024-11-10,1.499,1.401
2024-11-11,1.499,1.401
2024-11-12,1.499,1.402
2024-11-13,1.499,1.402
2024-11-14,1.499,1.403
2024-11-15,1.499,1.404
2024-11-16,1.499,1.405
2024-11-17,1.499,1.406
2024-11-18,1.499,1.407
2024-11-19,1.5,1.41
2024-11-20,1.501,1.411
2024-11-21,1.503,1.416
2024-11-22,1.505,1.418
2024-11-23,1.506,1.42
2024-11-24,1.507,1.422
2024-11-25,1.508,1.425
2024-11-26,1.509,1.428
2024-11-27,1.509,1.429
2024-11-28,1.509,1.429
2024-11-29,1.508,1.428
2024-11-30,1.507,1.427
2024-12-01,1.507,1.428
2024-12-02,1.507,1.428
2024-12-03,1.507,1.428
2024-12-04,1.507,1.429
2024-12-05,1.508,1.429
2024-12-06,1.507,1.429
2024-12-07,1.507,1.429
2024-12-08,1.507,1.428
2024-12-09,1.507,1.428
2024-12-10,1.507,1.427
2024-12-11,1.507,1.428
2024-12-12,1.507,1.428
2024-12-13,1.509,1.43
2024-12-15,1.51,1.431
2024-12-16,1.511,1.432
2024-12-17,1.512,1.434
2024-12-18,1.512,1.433
2024-12-19,1.512,1.434
2024-12-20,1.515,1.436
2024-12-21,1.515,1.436
2024-12-22,1.515,1.436
2024-12-23,1.516,1.436
2024-12-24,1.516,1.437
2024-12-25,1.516,1.437
2024-12-26,1.518,1.439
2024-12-27,1.518,1.439
2024-12-28,1.518,1.439
2024-12-29,1.519,1.441
2024-12-30,1.521,1.442
2024-12-31,1.522,1.444
2025-01-01,1.524,1.445
2025-01-02,1.525,1.447
2025-01-03,1.528,1.45
2025-01-04,1.532,1.454
2025-01-05,1.534,1.456
2025-01-06,1.535,1.457
2025-01-07,1.539,1.461
2025-01-08,1.542,1.464
2025-01-09,1.542,1.465
2025-01-10,1.544,1.466
2025-01-11,1.545,1.468
2025-01-12,1.547,1.471
2025-01-13,1.55,1.475
2025-01-14,1.554,1.481
2025-01-15,1.559,1.487
2025-01-16,1.562,1.492
2025-01-17,1.566,1.497
2025-01-18,1.567,1.498
2025-01-19,1.567,1.498
2025-01-20,1.57,1.502
2025-01-21,1.571,1.504
2025-01-22,1.572,1.505
2025-01-23,1.572,1.505
2025-01-24,1.571,1.503
2025-01-25,1.57,1.502
2025-01-26,1.57,1.502
2025-01-27,1.57,1.502
2025-01-28,1.568,1.5
2025-01-29,1.566,1.497
2025-01-30,1.565,1.496
2025-01-31,1.564,1.495
2025-02-01,1.564,1.495
2025-02-02,1.564,1.495
2025-02-03,1.564,1.495
2025-02-04,1.564,1.495
2025-02-05,1.565,1.496
2025-02-06,1.565,1.496
2025-02-07,1.563,1.493
2025-02-08,1.563,1.493
2025-02-09,1.563,1.493
2025-02-10,1.563,1.493
2025-02-11,1.563,1.493
2025-02-12,1.565,1.495
2025-02-13,1.567,1.497
2025-02-14,1.567,1.497
2025-02-15,1.566,1.496
2025-02-16,1.566,1.496
2025-02-17,1.566,1.495
2025-02-18,1.564,1.494
2025-02-19,1.563,1.493
2025-02-20,1.563,1.493
2025-02-21,1.563,1.493
2025-02-22,1.563,1.495
2025-02-23,1.562,1.495
2025-02-24,1.561,1.495
2025-02-25,1.558,1.492
2025-02-26,1.556,1.49
2025-02-27,1.553,1.487
2025-02-28,1.55,1.484
2025-03-01,1.549,1.483
2025-03-02,1.549,1.483
2025-03-03,1.547,1.482
2025-03-04,1.546,1.481
2025-03-05,1.543,1.477
2025-03-06,1.539,1.473
2025-03-07,1.533,1.467
2025-03-08,1.529,1.464
2025-03-09,1.528,1.463
2025-03-10,1.524,1.46
2025-03-11,1.52,1.456
2025-03-12,1.516,1.452
2025-03-13,1.512,1.449
2025-03-14,1.51,1.446
2025-03-15,1.51,1.446
2025-03-16,1.508,1.444
2025-03-17,1.506,1.442
2025-03-18,1.505,1.44
2025-03-19,1.504,1.439
2025-03-20,1.503,1.438
2025-03-21,1.502,1.437
2025-03-22,1.502,1.437
2025-03-23,1.502,1.437
2025-03-24,1.502,1.436
2025-03-25,1.501,1.435
2025-03-26,1.503,1.436
2025-03-27,1.505,1.436
2025-03-28,1.507,1.437
2025-03-29,1.507,1.438
2025-03-30,1.507,1.437
2025-03-31,1.508,1.438
2025-04-01,1.51,1.438
2025-04-02,1.512,1.44
2025-04-03,1.515,1.442
2025-04-04,1.514,1.44
2025-04-05,1.511,1.437
2025-04-06,1.509,1.435
2025-04-07,1.507,1.431
2025-04-08,1.502,1.426
2025-04-09,1.498,1.421
2025-04-10,1.494,1.416
2025-04-11,1.489,1.41
2025-04-12,1.486,1.406
2025-04-13,1.485,1.404
2025-04-14,1.482,1.4
2025-04-15,1.477,1.395
2025-04-16,1.475,1.393
2025-04-17,1.474,1.391
2025-04-18,1.473,1.391
2025-04-19,1.473,1.391
2025-04-20,1.473,1.39
2025-04-21,1.472,1.389
2025-04-22,1.469,1.387
2025-04-23,1.467,1.384
2025-04-24,1.466,1.383
2025-04-25,1.463,1.38
2025-04-26,1.463,1.38
2025-04-27,1.463,1.38
2025-04-28,1.462,1.379
2025-04-29,1.462,1.379
2025-04-30,1.461,1.378
2025-05-01,1.46,1.377
2025-05-02,1.459,1.376
2025-05-03,1.457,1.374
2025-05-04,1.457,1.374
2025-05-05,1.455,1.371
2025-05-06,1.453,1.369
2025-05-07,1.451,1.367
2025-05-08,1.45,1.366
2025-05-09,1.448,1.363
2025-05-10,1.447,1.363
2025-05-11,1.447,1.362
2025-05-12,1.446,1.361
2025-05-13,1.446,1.361
2025-05-14,1.448,1.361
2025-05-15,1.45,1.363
2025-05-16,1.45,1.363
2025-05-17,1.45,1.363
2025-05-18,1.45,1.363
2025-05-19,1.452,1.364
2025-05-20,1.452,1.364
2025-05-23,1.452,1.363
2025-05-24,1.452,1.362
2025-05-25,1.452,1.362
2025-05-26,1.452,1.361
2025-05-27,1.452,1.361
2025-05-28,1.452,1.361
2025-05-29,1.452,1.359
2025-05-30,1.452,1.359
2025-05-31,1.452,1.358
2025-06-01,1.452,1.359
2025-06-02,1.452,1.358
2025-06-03,1.451,1.356
2025-06-04,1.451,1.356
2025-06-05,1.451,1.356
2025-06-06,1.451,1.356
2025-06-07,1.451,1.356
2025-06-08,1.451,1.355
2025-06-09,1.451,1.356
2025-06-10,1.451,1.356
2025-06-11,1.452,1.357
2025-06-12,1.453,1.358
2025-06-13,1.456,1.361
2025-06-14,1.457,1.362
2025-06-15,1.46,1.365
2025-06-16,1.464,1.37
2025-06-17,1.468,1.375
2025-06-18,1.472,1.381
2025-06-19,1.476,1.389
2025-06-20,1.481,1.399
2025-06-21,1.485,1.406
2025-06-22,1.486,1.408
2025-06-23,1.492,1.416
2025-06-24,1.495,1.421
2025-06-25,1.495,1.422
2025-06-26,1.494,1.422
2025-06-27,1.493,1.42
2025-06-28,1.492,1.42
2025-06-29,1.491,1.419
2025-06-30,1.489,1.417
2025-07-01,1.488,1.415
2025-07-02,1.485,1.413
2025-07-03,1.484,1.412
2025-07-04,1.483,1.412
2025-07-05,1.483,1.412
2025-07-06,1.483,1.413
2025-07-07,1.483,1.414
2025-07-08,1.483,1.415
2025-07-09,1.483,1.415
2025-07-10,1.483,1.418
2025-07-11,1.484,1.42
2025-07-12,1.484,1.42
2025-07-13,1.484,1.422
2025-07-14,1.485,1.424
2025-07-15,1.485,1.425
2025-07-16,1.484,1.425
2025-07-17,1.485,1.426
2025-07-18,1.483,1.425
2025-07-19,1.483,1.427
2025-07-20,1.483,1.429
2025-07-21,1.483,1.43
2025-07-22,1.483,1.431
2025-07-23,1.483,1.432
2025-07-24,1.481,1.43
2025-07-25,1.48,1.429
2025-07-26,1.48,1.429
2025-07-27,1.48,1.429
2025-07-28,1.479,1.429
2025-07-29,1.478,1.428
2025-07-30,1.478,1.427
2025-07-31,1.478,1.426
2025-08-01,1.477,1.426
2025-08-02,1.478,1.426
2025-08-03,1.478,1.426
2025-08-04,1.478,1.425
2025-08-05,1.477,1.423
2025-08-06,1.476,1.422
2025-08-07,1.476,1.42
2025-08-08,1.475,1.418
2025-08-09,1.475,1.416
2025-08-10,1.475,1.416
2025-08-11,1.474,1.414
2025-08-12,1.473,1.412
2025-08-13,1.473,1.411
2025-08-14,1.472,1.41
2025-08-15,1.471,1.409
2025-08-16,1.471,1.408
2025-08-17,1.471,1.408
2025-08-18,1.47,1.406
2025-08-19,1.469,1.404
2025-08-20,1.469,1.403
2025-08-21,1.469,1.402
2025-08-22,1.469,1.402
2025-08-23,1.47,1.403
2025-08-24,1.47,1.403
2025-08-25,1.471,1.403
2025-08-26,1.471,1.404
2025-08-27,1.471,1.403
2025-08-28,1.469,1.402
2025-08-29,1.469,1.401
2025-08-30,1.469,1.401
2025-08-31,1.469,1.401
2025-09-01,1.469,1.401
2025-09-02,1.469,1.401
2025-09-03,1.47,1.402
2025-09-04,1.472,1.404
2025-09-05,1.473,1.405
2025-09-06,1.473,1.405
2025-09-07,1.473,1.405
2025-09-08,1.473,1.405
2025-09-09,1.473,1.405
2025-09-10,1.473,1.405
2025-09-11,1.475,1.405
2025-09-12,1.475,1.405
2025-09-13,1.474,1.404
2025-09-14,1.475,1.405
2025-09-15,1.475,1.404
2025-09-16,1.475,1.405
2025-09-17,1.476,1.406
2025-09-18,1.476,1.407
2025-09-19,1.476,1.407
2025-09-20,1.476,1.408
2025-09-21,1.475,1.407
2025-09-22,1.475,1.407
2025-09-23,1.474,1.406
2025-09-24,1.473,1.404
2025-09-25,1.473,1.404
2025-09-26,1.473,1.404
2025-09-27,1.473,1.406
2025-09-28,1.475,1.408
2025-09-29,1.476,1.41
2025-09-30,1.477,1.411
2025-10-01,1.477,1.411
2025-10-02,1.475,1.409
2025-10-03,1.473,1.407
2025-10-04,1.471,1.405
2025-10-05,1.471,1.405
2025-10-06,1.47,1.404
2025-10-07,1.469,1.403
2025-10-08,1.467,1.401
2025-10-09,1.466,1.4
2025-10-10,1.465,1.399
2025-10-11,1.465,1.399
2025-10-12,1.465,1.399
2025-10-13,1.465,1.399
2025-10-14,1.463,1.397
2025-10-15,1.462,1.396
2025-10-16,1.46,1.393
2025-10-17,1.459,1.392
2025-10-18,1.458,1.391
2025-10-19,1.458,1.391
2025-10-20,1.456,1.389
2025-10-21,1.456,1.388
2025-10-22,1.455,1.387
2025-10-23,1.455,1.388
2025-10-24,1.456,1.389
2025-10-25,1.459,1.392
2025-10-26,1.46,1.394
2025-10-27,1.462,1.396
2025-10-28,1.463,1.399
2025-10-29,1.464,1.402
2025-10-30,1.464,1.403
2025-10-31,1.465,1.404
2025-11-01,1.465,1.406
2025-11-02,1.465,1.406
2025-11-03,1.466,1.408
2025-11-04,1.466,1.41
2025-11-05,1.468,1.414
2025-11-06,1.469,1.417
2025-11-07,1.47,1.422
2025-11-08,1.47,1.424
2025-11-09,1.472,1.426
2025-11-10,1.473,1.429
2025-11-11,1.474,1.432
2025-11-12,1.475,1.434
2025-11-13,1.478,1.439
2025-11-14,1.479,1.439
2025-11-15,1.479,1.439
2025-11-16,1.479,1.44
2025-11-17,1.479,1.442
2025-11-18,1.48,1.444
2025-11-19,1.481,1.446
2025-11-20,1.482,1.451
2025-11-21,1.482,1.452
2025-11-22,1.482,1.452
2025-11-23,1.482,1.453
2025-11-24,1.482,1.453
2025-11-25,1.481,1.452
2025-11-26,1.479,1.45
2025-11-27,1.476,1.447
2025-11-28,1.475,1.444
2025-11-29,1.475,1.442
2025-11-30,1.475,1.442
2025-12-01,1.475,1.441
2025-12-02,1.475,1.44
2025-12-03,1.474,1.437
2025-12-04,1.474,1.435
2025-12-05,1.472,1.431
2025-12-06,1.471,1.429
2025-12-07,1.471,1.429
2025-12-08,1.471,1.429
2025-12-09,1.47,1.426
2025-12-10,1.467,1.424
2025-12-11,1.466,1.42
2025-12-12,1.464,1.417
2025-12-13,1.462,1.415
2025-12-14,1.461,1.413
2025-12-15,1.458,1.41
2025-12-16,1.455,1.407
2025-12-17,1.451,1.403
2025-12-18,1.448,1.399
2025-12-19,1.444,1.395
2025-12-20,1.443,1.394
2025-12-21,1.442,1.392
2025-12-22,1.439,1.39
2025-12-23,1.437,1.387
2025-12-24,1.436,1.386
2025-12-25,1.436,1.386
2025-12-26,1.435,1.385
2025-12-27,1.435,1.385
2025-12-28,1.435,1.385
2025-12-29,1.434,1.383
2025-12-30,1.433,1.383
2025-12-31,1.433,1.383
2026-01-01,1.433,1.383
2026-01-02,1.433,1.383
2026-01-03,1.433,1.383
2026-01-04,1.433,1.383
2026-01-05,1.433,1.383
2026-01-06,1.433,1.383
2026-01-07,1.432,1.382
2026-01-08,1.432,1.381
2026-01-09,1.431,1.38
2026-01-10,1.431,1.38
2026-01-11,1.432,1.381
2026-01-12,1.432,1.381
2026-01-13,1.433,1.382
2026-01-14,1.433,1.382
2026-01-15,1.435,1.384
2026-01-16,1.436,1.386
2026-01-17,1.436,1.386
2026-01-18,1.437,1.387
2026-01-19,1.437,1.388
2026-01-20,1.438,1.388
2026-01-21,1.438,1.389
2026-01-22,1.441,1.392
2026-01-23,1.442,1.394
2026-01-24,1.442,1.394
2026-01-25,1.443,1.395
2026-01-26,1.444,1.396
2026-01-27,1.444,1.396
2026-01-28,1.445,1.397
2026-01-29,1.445,1.398
2026-01-30,1.446,1.4
2026-01-31,1.448,1.401
2026-02-01,1.45,1.403
2026-02-02,1.451,1.406
2026-02-03,1.452,1.408
2026-02-04,1.452,1.407
2026-02-05,1.452,1.408
2026-02-06,1.453,1.408
2026-02-07,1.452,1.408
2026-02-08,1.454,1.41
2026-02-09,1.455,1.411
2026-02-10,1.455,1.411
2026-02-11,1.457,1.412
2026-02-12,1.458,1.413
2026-02-13,1.46,1.414
2026-02-14,1.459,1.414
2026-02-15,1.46,1.414
2026-02-16,1.46,1.414
2026-02-17,1.461,1.415
2026-02-18,1.461,1.415
2026-02-19,1.462,1.416
2026-02-20,1.465,1.419
2026-02-21,1.467,1.421
2026-02-22,1.468,1.422
2026-02-23,1.47,1.425
2026-02-24,1.472,1.428
2026-02-25,1.476,1.432
2026-02-26,1.478,1.434
2026-02-27,1.478,1.435
2026-02-28,1.48,1.437
2026-03-01,1.482,1.439
2026-03-02,1.494,1.453
2026-03-03,1.517,1.483
2026-03-04,1.55,1.541
2026-03-05,1.577,1.598
2026-03-06,1.603,1.653
2026-03-07,1.619,1.694
2026-03-08,1.628,1.717
2026-03-09,1.647,1.759
2026-03-10,1.662,1.789
2026-03-11,1.679,1.802
2026-03-12,1.683,1.804
2026-03-13,1.699,1.822
2026-03-14,1.71,1.836
2026-03-15,1.717,1.84
2026-03-16,1.73,1.853
2026-03-17,1.747,1.872
2026-03-18,1.761,1.885
2026-03-19,1.77,1.896
2026-03-20,1.794,1.929
2026-03-21,1.796,1.942
2026-03-22,1.607,1.786
2026-03-23,1.585,1.772
2026-03-24,1.579,1.774
2026-03-25,1.569,1.768
2026-03-26,1.56,1.765
2026-03-27,1.55,1.763
2026-03-28,1.55,1.77
2026-03-29,1.55,1.776
2026-03-30,1.546,1.781
2026-03-31,1.546,1.786
2026-04-01,1.551,1.795
2026-04-02,1.553,1.798
2026-04-03,1.556,1.803
2026-04-04,1.557,1.807
2026-04-05,1.56,1.823
2026-04-06,1.564,1.844
2026-04-07,1.569,1.881
2026-04-08,1.57,1.907
2026-04-09,1.566,1.903
2026-04-10,1.552,1.88
2026-04-11,1.546,1.87
2026-04-12,1.545,1.861
2026-04-13,1.541,1.854
2026-04-14,1.538,1.848
2026-04-15,1.535,1.843
2026-04-16,1.528,1.82
2026-04-17,1.519,1.8
2026-04-18,1.517,1.795
2026-04-19,1.512,1.782
2026-04-20,1.507,1.764
2026-04-21,1.502,1.744
2026-04-22,1.5,1.73
2026-04-23,1.502,1.726
2026-04-24,1.51,1.728
2026-04-25,1.517,1.727
2026-04-26,1.518,1.729
2026-04-27,1.522,1.73
2026-04-28,1.524,1.733
2026-04-29,1.525,1.735
2026-04-30,1.528,1.735
2026-05-01,1.536,1.74
2026-05-02,1.537,1.739
2026-05-03,1.538,1.739
2026-05-04,1.542,1.741
2026-05-05,1.546,1.741
2026-05-06,1.548,1.741
2026-05-07,1.55,1.737
2026-05-08,1.545,1.718
2026-05-09,1.544,1.706
2026-05-10,1.544,1.705
2026-05-11,1.543,1.697
2026-05-12,1.543,1.692
2026-05-13,1.546,1.69
2026-05-14,1.551,1.689
2026-05-15,1.553,1.687
2026-05-16,1.553,1.686
2026-05-17,1.557,1.689
2026-05-18,1.56,1.689
2026-05-19,1.563,1.689
2026-05-20,1.573,1.697
2026-05-21,1.576,1.697
2026-05-22,1.576,1.69
2026-05-23,1.574,1.686
2026-05-24,1.572,1.684
2026-05-25,1.57,1.679
2026-05-26,1.566,1.673
2026-05-27,1.564,1.668
2026-05-28,1.558,1.659
2026-05-29,1.55,1.649
2026-05-30,1.545,1.643
2026-05-31,1.543,1.64
2026-06-01,1.538,1.634
2026-06-02,1.533,1.627
2026-06-03,1.53,1.624
2026-06-04,1.528,1.622
2026-06-05,1.526,1.621
2026-06-06,1.523,1.617
2026-06-07,1.521,1.615
2026-06-08,1.518,1.612
2026-06-09,1.516,1.61
2026-06-10,1.513,1.607
2026-06-11,1.508,1.6
2026-06-12,1.505,1.597
2026-06-13,1.503,1.594
2026-06-14,1.5,1.59
2026-06-15,1.495,1.583
2026-06-16,1.487,1.573
2026-06-17,1.478,1.561
2026-06-18,1.469,1.548
2026-06-19,1.462,1.539
2026-06-20,1.459,1.533
2026-06-21,1.458,1.532
2026-06-22,1.454,1.526
2026-06-23,1.452,1.521
2026-06-24,1.448,1.516
2026-06-25,1.444,1.509
2026-06-26,1.443,1.507
2026-06-27,1.442,1.506
2026-06-28,1.442,1.506
2026-06-29,1.441,1.504
2026-06-30,1.444,1.506
2026-07-01,1.529,1.549
2026-07-02,1.534,1.548
2026-07-03,1.534,1.545
2026-07-04,1.533,1.543
2026-07-05,1.533,1.542
2026-07-06,1.532,1.539
2026-07-07,1.532,1.538
2026-07-08,1.534,1.537
2026-07-09,1.537,1.541
2026-07-10,1.547,1.559
2026-07-11,1.548,1.562
2026-07-12,1.548,1.561
2026-07-13,1.551,1.565
2026-07-14,1.555,1.571
2026-07-15,1.565,1.591
2026-07-16,1.576,1.612
2026-07-17,1.586,1.633
2026-07-18,1.591,1.645
2026-07-19,1.597,1.651
2026-07-20,1.607,1.665
2026-07-21,1.618,1.68
2026-07-22,1.627,1.693
2026-07-23,1.637,1.709
2026-07-24,1.647,1.725
2026-07-25,1.652,1.737
2026-07-26,1.653,1.738
2026-07-27,1.658,1.747
2026-07-28,1.659,1.75
2026-07-29,1.66,1.754
2026-07-30,1.664,1.761
2026-07-31,1.672,1.783
2026-08-01,1.705,1.818
2026-08-02,1.707,1.821
2026-08-03,1.715,1.833
2026-08-04,1.716,1.837
2026-08-05,1.711,1.83
2026-08-06,1.702,1.82
2026-08-07,1.692,1.81
2026-08-08,1.691,1.807
2026-08-09,1.691,1.807
2026-08-10,1.688,1.804
2026-08-11,1.691,1.806
2026-08-12,1.697,1.815
2026-08-13,1.702,1.822
2026-08-14,1.704,1.828
2026-08-15,1.705,1.83
2026-08-16,1.705,1.83
2026-08-17,1.706,1.833
2026-08-18,1.711,1.839
2026-08-19,1.713,1.847
2026-08-20,1.719,1.856
2026-08-21,1.72,1.858
2026-08-22,1.721,1.859
2026-08-23,1.722,1.86
2026-08-24,1.724,1.863
2026-08-25,1.726,1.865
2026-08-26,1.726,1.866
2026-08-27,1.726,1.862
2026-08-28,1.726,1.859
2026-08-29,1.727,1.855
2026-08-30,1.727,1.856
2026-08-31,1.732,1.852
2026-09-01,1.774,1.773
2026-09-02,1.788,1.772
2026-09-03,1.801,1.789
2026-09-04,1.816,1.802
2026-09-05,1.821,1.805
2026-09-06,1.822,1.805
2026-09-07,1.83,1.806
2026-09-08,1.835,1.809
2026-09-09,1.842,1.815
2026-09-10,1.849,1.819
2026-09-11,1.857,1.827
2026-09-12,1.864,1.84
2026-09-13,1.869,1.846
2026-09-14,1.882,1.862
2026-09-15,1.899,1.881
2026-09-16,1.911,1.895
2026-09-17,1.918,1.914
2026-09-18,1.921,1.923
2026-09-19,1.922,1.924
2026-09-20,1.922,1.927
2026-09-21,1.925,1.932
2026-09-22,1.926,1.934
2026-09-23,1.926,1.931
2026-09-24,1.925,1.929
2026-09-25,1.927,1.93
2026-09-26,1.931,1.93
2026-09-27,1.931,1.93
2026-09-28,1.935,1.931
2026-09-29,1.934,1.928
2026-09-30,1.929,1.924
2026-10-01,1.82,1.917
2026-10-02,1.809,1.914
2026-10-03,1.806,1.913
2026-10-04,1.805,1.909
2026-10-05,1.797,1.903
2026-10-06,1.791,1.896
2026-10-07,1.788,1.89
