codigo_ine,clave_mapa,provincia,precio,estaciones,dif_cent,media_nacional,actualizado
01,Álava,Álava,1.814,68,2.3,1.791,07/10/2026 8:09:51
02,Albacete,Albacete,1.817,143,2.6,1.791,07/10/2026 8:09:51
03,Alicante,Alicante,1.809,474,1.9,1.791,07/10/2026 8:09:51
04,Almería,Almería,1.783,217,-0.7,1.791,07/10/2026 8:09:51
05,Ávila,Ávila,1.842,71,5.1,1.791,07/10/2026 8:09:51
06,Badajoz,Badajoz,1.811,240,2.0,1.791,07/10/2026 8:09:51
07,Baleares,Illes Balears,1.875,215,8.4,1.791,07/10/2026 8:09:51
08,Barcelona,Barcelona,1.764,770,-2.6,1.791,07/10/2026 8:09:51
09,Burgos,Burgos,1.816,132,2.6,1.791,07/10/2026 8:09:51
10,Cáceres,Cáceres,1.821,145,3.0,1.791,07/10/2026 8:09:51
11,Cádiz,Cádiz,1.814,288,2.3,1.791,07/10/2026 8:09:51
12,Castellón,Castellón,1.798,190,0.8,1.791,07/10/2026 8:09:51
13,Ciudad Real,Ciudad Real,1.787,194,-0.3,1.791,07/10/2026 8:09:51
14,Córdoba,Córdoba,1.785,200,-0.5,1.791,07/10/2026 8:09:51
15,La Coruña,A Coruña,1.809,283,1.9,1.791,07/10/2026 8:09:51
16,Cuenca,Cuenca,1.844,107,5.4,1.791,07/10/2026 8:09:51
17,Gerona,Girona,1.797,260,0.6,1.791,07/10/2026 8:09:51
18,Granada,Granada,1.812,280,2.1,1.791,07/10/2026 8:09:51
19,Guadalajara,Guadalajara,1.81,87,1.9,1.791,07/10/2026 8:09:51
20,Gipuzkoa,Gipuzkoa,1.825,130,3.5,1.791,07/10/2026 8:09:51
21,Huelva,Huelva,1.837,134,4.6,1.791,07/10/2026 8:09:51
22,Huesca,Huesca,1.792,112,0.2,1.791,07/10/2026 8:09:51
23,Jaén,Jaén,1.807,208,1.6,1.791,07/10/2026 8:09:51
24,León,León,1.792,159,0.2,1.791,07/10/2026 8:09:51
25,Lérida,Lleida,1.765,160,-2.5,1.791,07/10/2026 8:09:51
26,La Rioja,La Rioja,1.796,81,0.5,1.791,07/10/2026 8:09:51
27,Lugo,Lugo,1.833,127,4.2,1.791,07/10/2026 8:09:51
28,Madrid,Madrid,1.793,857,0.3,1.791,07/10/2026 8:09:51
29,Málaga,Málaga,1.819,302,2.8,1.791,07/10/2026 8:09:51
30,Murcia,Murcia,1.794,432,0.4,1.791,07/10/2026 8:09:51
31,Navarra,Navarra,1.805,213,1.4,1.791,07/10/2026 8:09:51
32,Orense,Ourense,1.822,87,3.1,1.791,07/10/2026 8:09:51
33,Asturias,Asturias,1.829,226,3.9,1.791,07/10/2026 8:09:51
34,Palencia,Palencia,1.83,64,3.9,1.791,07/10/2026 8:09:51
35,Las Palmas,Las Palmas,1.526,256,-26.5,1.791,07/10/2026 8:09:51
36,Pontevedra,Pontevedra,1.799,225,0.9,1.791,07/10/2026 8:09:51
37,Salamanca,Salamanca,1.783,105,-0.8,1.791,07/10/2026 8:09:51
38,Santa Cruz de Tenerife,Santa Cruz de Tenerife,1.586,241,-20.5,1.791,07/10/2026 8:09:51
39,Cantabria,Cantabria,1.811,166,2.0,1.791,07/10/2026 8:09:51
40,Segovia,Segovia,1.812,75,2.1,1.791,07/10/2026 8:09:51
41,Sevilla,Sevilla,1.787,435,-0.3,1.791,07/10/2026 8:09:51
42,Soria,Soria,1.777,41,-1.4,1.791,07/10/2026 8:09:51
43,Tarragona,Tarragona,1.78,210,-1.0,1.791,07/10/2026 8:09:51
44,Teruel,Teruel,1.812,64,2.1,1.791,07/10/2026 8:09:51
45,Toledo,Toledo,1.819,240,2.9,1.791,07/10/2026 8:09:51
46,Valencia,Valencia,1.793,617,0.2,1.791,07/10/2026 8:09:51
47,Valladolid,Valladolid,1.809,145,1.9,1.791,07/10/2026 8:09:51
48,Bizkaia,Bizkaia,1.81,127,2.0,1.791,07/10/2026 8:09:51
49,Zamora,Zamora,1.825,78,3.4,1.791,07/10/2026 8:09:51
50,Zaragoza,Zaragoza,1.801,218,1.1,1.791,07/10/2026 8:09:51
51,Ceuta,Ceuta,1.62,10,-17.1,1.791,07/10/2026 8:09:51
52,Melilla,Melilla,1.593,12,-19.7,1.791,07/10/2026 8:09:51
