codigo_ine,provincia,gasoleo_a,gasolina_95,estaciones,dif_gasoleo_cent,dif_gasolina_cent,media_nacional_gasoleo,media_nacional_gasolina,actualizado
01,Álava,1.925,1.821,75,1.8,1.9,1.907,1.802,05/10/2026 11:43:05
02,Albacete,1.923,1.826,156,1.6,2.4,1.907,1.802,05/10/2026 11:43:05
03,Alicante,1.906,1.818,479,-0.1,1.6,1.907,1.802,05/10/2026 11:43:05
04,Almería,1.89,1.802,232,-1.7,0.0,1.907,1.802,05/10/2026 11:43:05
05,Ávila,1.974,1.85,71,6.7,4.8,1.907,1.802,05/10/2026 11:43:05
06,Badajoz,1.914,1.828,281,0.7,2.6,1.907,1.802,05/10/2026 11:43:05
07,Illes Balears,2.007,1.879,224,10.0,7.6,1.907,1.802,05/10/2026 11:43:05
08,Barcelona,1.891,1.782,799,-1.6,-2.1,1.907,1.802,05/10/2026 11:43:05
09,Burgos,1.917,1.827,139,1.0,2.5,1.907,1.802,05/10/2026 11:43:05
10,Cáceres,1.952,1.829,158,4.5,2.6,1.907,1.802,05/10/2026 11:43:05
11,Cádiz,1.921,1.824,291,1.4,2.1,1.907,1.802,05/10/2026 11:43:05
12,Castellón,1.916,1.817,196,0.9,1.4,1.907,1.802,05/10/2026 11:43:05
13,Ciudad Real,1.909,1.803,217,0.2,0.0,1.907,1.802,05/10/2026 11:43:05
14,Córdoba,1.934,1.793,204,2.7,-1.0,1.907,1.802,05/10/2026 11:43:05
15,A Coruña,1.917,1.819,290,1.0,1.7,1.907,1.802,05/10/2026 11:43:05
16,Cuenca,1.93,1.86,115,2.3,5.8,1.907,1.802,05/10/2026 11:43:05
17,Girona,1.895,1.808,273,-1.2,0.6,1.907,1.802,05/10/2026 11:43:05
18,Granada,1.918,1.828,285,1.1,2.6,1.907,1.802,05/10/2026 11:43:05
19,Guadalajara,1.938,1.82,94,3.1,1.7,1.907,1.802,05/10/2026 11:43:05
20,Gipuzkoa,1.947,1.832,147,4.0,3.0,1.907,1.802,05/10/2026 11:43:05
21,Huelva,1.947,1.85,141,4.0,4.8,1.907,1.802,05/10/2026 11:43:05
22,Huesca,1.905,1.806,124,-0.2,0.3,1.907,1.802,05/10/2026 11:43:05
23,Jaén,1.953,1.818,213,4.6,1.6,1.907,1.802,05/10/2026 11:43:05
24,León,1.941,1.801,167,3.4,-0.1,1.907,1.802,05/10/2026 11:43:05
25,Lleida,1.857,1.789,182,-5.0,-1.3,1.907,1.802,05/10/2026 11:43:05
26,La Rioja,1.906,1.804,83,-0.1,0.1,1.907,1.802,05/10/2026 11:43:05
27,Lugo,1.958,1.84,130,5.1,3.7,1.907,1.802,05/10/2026 11:43:05
28,Madrid,1.93,1.803,896,2.3,0.0,1.907,1.802,05/10/2026 11:43:05
29,Málaga,1.958,1.827,308,5.1,2.5,1.907,1.802,05/10/2026 11:43:05
30,Murcia,1.9,1.809,464,-0.7,0.7,1.907,1.802,05/10/2026 11:43:05
31,Navarra,1.876,1.823,251,-3.1,2.0,1.907,1.802,05/10/2026 11:43:05
32,Ourense,1.94,1.834,88,3.3,3.1,1.907,1.802,05/10/2026 11:43:05
33,Asturias,1.962,1.832,242,5.5,3.0,1.907,1.802,05/10/2026 11:43:05
34,Palencia,1.951,1.845,74,4.4,4.3,1.907,1.802,05/10/2026 11:43:05
35,Las Palmas,1.673,1.521,254,-23.4,-28.1,1.907,1.802,05/10/2026 11:43:05
36,Pontevedra,1.927,1.815,229,2.0,1.3,1.907,1.802,05/10/2026 11:43:05
37,Salamanca,1.915,1.791,112,0.8,-1.1,1.907,1.802,05/10/2026 11:43:05
38,Santa Cruz de Tenerife,1.734,1.581,243,-17.3,-22.2,1.907,1.802,05/10/2026 11:43:05
39,Cantabria,1.934,1.826,167,2.7,2.4,1.907,1.802,05/10/2026 11:43:05
40,Segovia,1.932,1.822,77,2.5,1.9,1.907,1.802,05/10/2026 11:43:05
41,Sevilla,1.914,1.802,445,0.7,0.0,1.907,1.802,05/10/2026 11:43:05
42,Soria,1.892,1.796,42,-1.5,-0.6,1.907,1.802,05/10/2026 11:43:05
43,Tarragona,1.875,1.796,234,-3.2,-0.6,1.907,1.802,05/10/2026 11:43:05
44,Teruel,1.886,1.829,70,-2.1,2.7,1.907,1.802,05/10/2026 11:43:05
45,Toledo,1.936,1.838,243,2.9,3.5,1.907,1.802,05/10/2026 11:43:05
46,Valencia,1.876,1.807,644,-3.1,0.5,1.907,1.802,05/10/2026 11:43:05
47,Valladolid,1.922,1.822,152,1.5,2.0,1.907,1.802,05/10/2026 11:43:05
48,Bizkaia,1.911,1.815,132,0.4,1.3,1.907,1.802,05/10/2026 11:43:05
49,Zamora,1.928,1.836,88,2.1,3.3,1.907,1.802,05/10/2026 11:43:05
50,Zaragoza,1.896,1.816,238,-1.1,1.3,1.907,1.802,05/10/2026 11:43:05
51,Ceuta,1.741,1.62,10,-16.5,-18.3,1.907,1.802,05/10/2026 11:43:05
52,Melilla,1.565,1.582,12,-34.2,-22.0,1.907,1.802,05/10/2026 11:43:05
